DROP DATABASE IF EXISTS Projecte;

create database Projecte;
USE Projecte;


DROP TABLE IF EXISTS PRODUCTES; 
DROP TABLE IF EXISTS PROVEIDOR;
DROP TABLE IF EXISTS CATEGORIES;
DROP TABLE IF EXISTS EQUIVALENT;
DROP TABLE IF EXISTS PERTANY;

create table PROVEIDOR (
	Codi_pro INT(8) PRIMARY KEY auto_increment,
    Nom_pro VARCHAR(15));
    
create table PRODUCTES (
	Codi_id INT(8) PRIMARY KEY auto_increment,
    Nom VARCHAR(100),
    Stock INT(8),
    Codi_prov INT(8),
    Materials VARCHAR(50),
    Descr VARCHAR(200),
    Preu INT(6),
	FOREIGN KEY (Codi_prov) REFERENCES PROVEIDOR(Codi_pro));
    
create table CATEGORIES (
	Codi_cat INT(8) PRIMARY KEY auto_increment,
    Nom VARCHAR(25));

create table EQUIVALENT (
	Codi_id INT(8),
    Codi_id_2 INT(8),
    PRIMARY KEY (Codi_id, Codi_id_2),
    FOREIGN KEY (Codi_id) REFERENCES PRODUCTES (Codi_id),
    FOREIGN KEY (Codi_id_2) REFERENCES PRODUCTES (Codi_id));

create table PERTANY (
	Codi_id INT(8) PRIMARY KEY,
    Codi_cat INT(8),
    FOREIGN KEY (Codi_id) REFERENCES PRODUCTES (Codi_id),
    FOREIGN KEY (Codi_cat) REFERENCES CATEGORIES (Codi_cat));
    
desc PRODUCTES;
desc PROVEIDOR;
desc CATEGORIES;
show tables;



INSERT INTO PROVEIDOR VALUES(1,'Corsair');
INSERT INTO PROVEIDOR VALUES(2,'Logitech');
INSERT INTO PROVEIDOR VALUES(3,'NitroPC');
INSERT INTO PROVEIDOR VALUES(4,'AEG');
INSERT INTO PROVEIDOR VALUES(5,'Orbegozo');
INSERT INTO PROVEIDOR VALUES(6,'AMD');
INSERT INTO PROVEIDOR VALUES(7,'NVidia');
INSERT INTO PROVEIDOR VALUES(8,'Mars Gaming');
INSERT INTO PROVEIDOR VALUES(9,'HyperX');



INSERT INTO PRODUCTES VALUES(1,'Logitech SuperLight G pro X ',3, 2, 'Alumini, Plastic', 'Pes: 63g, Velocitat Resposta: 1ms, Microprocesador: ARM 32 bits, Batería: 70h.', 155);
INSERT INTO PRODUCTES VALUES(2,'Cascos Logitech g pro',0, 2, 'Alumini, Plastic','Cable: 2m, Resposta FreQ: 20HZ-20KHZ', 79.47);
INSERT INTO PRODUCTES VALUES(3,'RAM Corsair Vengeance 2X16GB DDR4 3200MHz',5, 1, 'Alumini, Oro', '2X16GB, DDR4, 3200MHz, CL16,', 182);
INSERT INTO PRODUCTES VALUES(4,'PC GAMING Gold',7, 3, 'Alumini, Acer, Vidre', 'Ryzen 5 3600, GTX 1650 4GB, 16GB, M.2 512GB, HDD 1TB', 920);
INSERT INTO PRODUCTES VALUES(5,'AEG L6FBI821U Lavadora blanca 8KG',19, 4, 'Acer, Plàstic', 'PES: 8KG, VELOCITAT: 1200 RPM, CLASE: E, POTES: 4, POTÈNCIA: 2200W', 445);
INSERT INTO PRODUCTES VALUES(6,'MÀQUINA Cafè Filtro Orbegozo - CG 4014',12, 5, 'Plàstic, Vidre', 'Capacitat de 6 tases de cafè, Filtre permanent, Jarra de vidre, Cafè calent durant 30 minuts, Potència: 650W', 17.46);
INSERT INTO PRODUCTES VALUES(7,'Ratoli Gaming Pro ',40, 2, 'Alumini, Plastic', 'Ratoli Gaming', 75);
INSERT INTO PRODUCTES VALUES(8,'Cascos Gaming',10, 2, 'Alumini, Plastic','Cascos Gaming', 49.47);
INSERT INTO PRODUCTES VALUES(9,'RAM HyperX',26, 9, 'Alumini, Oro', '2X16GB, DDR4, 3200MHz, CL16,', 142);
INSERT INTO PRODUCTES VALUES(10,'PC GAMING Silver',15, 3, 'Alumini, Acer, vidre', 'Ryzen 5 2600, GTX 1060 3GB, 16GB, M.2 512GB, HDD 1TB', 720);
INSERT INTO PRODUCTES VALUES(11,'Lavadora Balay',2, 4, 'Acer, Plàstic', 'PES: 8KG, VELOCITAT: 1200 RPM, CLASE: E, POTES: 4, POTÈNCIA: 2200W', 395);
INSERT INTO PRODUCTES VALUES(12,'Màquina cafè Nespresso - CG 4014',32, 5, 'Plàstic, Vidre', 'Capacitat de 6 tases de cafè, Filtre permanent, Jarra de vidre, Cafè calent durant 30 minuts, Potència: 650W', 29.46);
INSERT INTO PRODUCTES VALUES(13,'Procesador AMD 1700',80, 6, 'Alumini, Oro','Procesador AMD 1700', 150.47);
INSERT INTO PRODUCTES VALUES(14,'Torre PC Gaming',10, 1, 'Alumini', 'Torre Gran Negra,', 102);
INSERT INTO PRODUCTES VALUES(15,'Gigabyte RTX 3060',0, 7, 'Alumini, Oro, Plastic', 'RTX 3060', 820);
INSERT INTO PRODUCTES VALUES(16,'Font de alimentacio 750W Gold ',0, 1, 'Alumini', '750W Potència', 90);
INSERT INTO PRODUCTES VALUES(17,'Teclat + Ratoli Mars Gaming',3, 8, 'Alumini, Plastic', 'Teclat Gaming i Ratoli Gaming', 30);


INSERT INTO CATEGORIES VALUES(1, 'Components');
INSERT INTO CATEGORIES VALUES(2, 'Electrodomèstics');
INSERT INTO CATEGORIES VALUES(3, 'PC');
INSERT INTO CATEGORIES VALUES(4, 'Perifèrics');

INSERT INTO PERTANY VALUES(1, 4);
INSERT INTO PERTANY VALUES(2, 4);
INSERT INTO PERTANY VALUES(3, 1);
INSERT INTO PERTANY VALUES(4, 3);
INSERT INTO PERTANY VALUES(5, 2);
INSERT INTO PERTANY VALUES(6, 2);
INSERT INTO PERTANY VALUES(7, 4);
INSERT INTO PERTANY VALUES(8, 4);
INSERT INTO PERTANY VALUES(9, 1);
INSERT INTO PERTANY VALUES(10, 3);
INSERT INTO PERTANY VALUES(11, 2);
INSERT INTO PERTANY VALUES(12, 2);
INSERT INTO PERTANY VALUES(13, 1);
INSERT INTO PERTANY VALUES(14, 1);
INSERT INTO PERTANY VALUES(15, 1);
INSERT INTO PERTANY VALUES(16, 1);
INSERT INTO PERTANY VALUES(17, 4);


INSERT INTO EQUIVALENT VALUES(1, 7);
INSERT INTO EQUIVALENT VALUES(2, 8);
INSERT INTO EQUIVALENT VALUES(3, 9);
INSERT INTO EQUIVALENT VALUES(4, 10);
INSERT INTO EQUIVALENT VALUES(5, 11);
INSERT INTO EQUIVALENT VALUES(6, 12);